{"fresh_apple": {"precision": 0.9662921348314607, "recall": 0.9424657534246575, "f1-score": 0.9542302357836339, "support": 365.0}, "fresh_banana": {"precision": 0.9966442953020134, "recall": 0.9933110367892977, "f1-score": 0.9949748743718593, "support": 299.0}, "fresh_bellpepper": {"precision": 0.9270833333333334, "recall": 0.978021978021978, "f1-score": 0.9518716577540107, "support": 91.0}, "fresh_carrot": {"precision": 0.8737864077669902, "recall": 0.9782608695652174, "f1-score": 0.9230769230769231, "support": 92.0}, "fresh_cucumber": {"precision": 0.9247311827956989, "recall": 0.945054945054945, "f1-score": 0.9347826086956522, "support": 91.0}, "fresh_mango": {"precision": 0.9303135888501742, "recall": 0.985239852398524, "f1-score": 0.956989247311828, "support": 271.0}, "fresh_orange": {"precision": 0.9384615384615385, "recall": 0.9807073954983923, "f1-score": 0.9591194968553459, "support": 311.0}, "fresh_potato": {"precision": 0.9130434782608695, "recall": 0.9130434782608695, "f1-score": 0.9130434782608695, "support": 92.0}, "fresh_strawberry": {"precision": 0.9795918367346939, "recall": 1.0, "f1-score": 0.9896907216494846, "support": 240.0}, "fresh_tomato": {"precision": 0.9772727272727273, "recall": 0.9555555555555556, "f1-score": 0.9662921348314607, "support": 90.0}, "rotten_apple": {"precision": 0.9440715883668904, "recall": 0.9634703196347032, "f1-score": 0.9536723163841808, "support": 438.0}, "rotten_banana": {"precision": 0.9904988123515439, "recall": 0.9952267303102625, "f1-score": 0.9928571428571429, "support": 419.0}, "rotten_bellpepper": {"precision": 0.825, "recall": 0.75, "f1-score": 0.7857142857142857, "support": 88.0}, "rotten_carrot": {"precision": 0.9315068493150684, "recall": 0.7906976744186046, "f1-score": 0.8553459119496856, "support": 86.0}, "rotten_cucumber": {"precision": 0.9318181818181818, "recall": 0.9318181818181818, "f1-score": 0.9318181818181818, "support": 88.0}, "rotten_mango": {"precision": 0.9759036144578314, "recall": 0.9614243323442137, "f1-score": 0.968609865470852, "support": 337.0}, "rotten_orange": {"precision": 0.9556962025316456, "recall": 0.9235474006116208, "f1-score": 0.9393468118195957, "support": 327.0}, "rotten_potato": {"precision": 0.9113924050632911, "recall": 0.8275862068965517, "f1-score": 0.8674698795180723, "support": 87.0}, "rotten_strawberry": {"precision": 1.0, "recall": 0.9790794979079498, "f1-score": 0.9894291754756871, "support": 239.0}, "rotten_tomato": {"precision": 0.9540229885057471, "recall": 0.9325842696629213, "f1-score": 0.9431818181818182, "support": 89.0}, "accuracy": 0.9560386473429952, "macro avg": {"precision": 0.942356558300985, "recall": 0.9363547739087223, "f1-score": 0.9385758383890284, "support": 4140.0}, "weighted avg": {"precision": 0.956148106265856, "recall": 0.9560386473429952, "f1-score": 0.955655855785026, "support": 4140.0}}