{"ann_baseline": {"accuracy": [0.15707434713840485, 0.19119703769683838, 0.21208032965660095, 0.21937450766563416, 0.21487809717655182, 0.23261390626430511, 0.23626099526882172, 0.23780974745750427], "loss": [3.399184226989746, 2.489595651626587, 2.4158108234405518, 2.3818345069885254, 2.3915841579437256, 2.3399198055267334, 2.327578067779541, 2.3238821029663086], "val_accuracy": [0.23260436952114105, 0.2453848272562027, 0.2763419449329376, 0.2672536075115204, 0.27719399333000183, 0.1678500473499298, 0.2791820466518402, 0.2686736583709717], "val_loss": [2.562751054763794, 2.3384907245635986, 2.3126285076141357, 2.258073329925537, 2.250838279724121, 2.519556999206543, 2.267616033554077, 2.281195878982544]}, "cnn_scratch": {"accuracy": [0.2030375748872757, 0.28247401118278503, 0.35206833481788635, 0.3948840796947479, 0.41986411809921265, 0.45623502135276794, 0.4873601198196411, 0.5107414126396179, 0.5368205308914185, 0.5537070631980896, 0.5743405222892761, 0.592825710773468], "loss": [2.9652657508850098, 2.2412824630737305, 2.022552728652954, 1.8851709365844727, 1.7956478595733643, 1.6926783323287964, 1.595099925994873, 1.5133817195892334, 1.431167721748352, 1.3890148401260376, 1.3084756135940552, 1.2592520713806152], "val_accuracy": [0.1823345571756363, 0.39676228165626526, 0.5191707015037537, 0.49332576990127563, 0.6251065135002136, 0.6327747702598572, 0.5089462995529175, 0.6827605962753296, 0.6390230059623718, 0.6537915468215942, 0.7432547807693481, 0.7546151876449585], "val_loss": [4.987688064575195, 2.143890619277954, 1.6142958402633667, 1.6984816789627075, 1.2675044536590576, 1.4221044778823853, 1.669613003730774, 1.096064567565918, 1.1361079216003418, 1.070199728012085, 0.8724854588508606, 0.8343843817710876]}, "mobilenetv2_tl": {"accuracy": [0.8017585873603821, 0.9002797603607178, 0.9135192036628723, 0.9227617979049683, 0.9344024658203125, 0.8674060702323914, 0.9160671234130859, 0.928657054901123, 0.9395483732223511], "loss": [0.6303554177284241, 0.30321407318115234, 0.2575255334377289, 0.22755460441112518, 0.1965780407190323, 0.41598355770111084, 0.25553128123283386, 0.2164538949728012, 0.19021937251091003], "val_accuracy": [0.9020164608955383, 0.9094007611274719, 0.9207611680030823, 0.9238852858543396, 0.9156489372253418, 0.9216131567955017, 0.9343936443328857, 0.9426299333572388, 0.9463220834732056], "val_loss": [0.30320411920547485, 0.2659497559070587, 0.2205192893743515, 0.23014263808727264, 0.26766520738601685, 0.22610166668891907, 0.19243362545967102, 0.17420026659965515, 0.16632376611232758], "learning_rate": [0.0010000000474974513, 0.0010000000474974513, 0.0010000000474974513, 0.0010000000474974513, 0.0010000000474974513, 9.999999747378752e-06, 9.999999747378752e-06, 9.999999747378752e-06, 9.999999747378752e-06]}}