{"ann_baseline": {"accuracy": [0.26830780506134033, 0.29850348830223083, 0.3492428958415985, 0.31754183769226074, 0.3096608519554138, 0.31887009739875793, 0.3253342807292938, 0.33994510769844055], "loss": [3.4649112224578857, 1.7204110622406006, 1.6929656267166138, 1.7221503257751465, 1.7138327360153198, 1.7086173295974731, 1.694687843322754, 1.6702874898910522], "val_accuracy": [0.3385311961174011, 0.39436620473861694, 0.4024145007133484, 0.4059356153011322, 0.4190140962600708, 0.41348087787628174, 0.4124748408794403, 0.40794768929481506], "val_loss": [1.602730393409729, 1.5846413373947144, 1.6443015336990356, 1.5830729007720947, 1.5413137674331665, 1.560470461845398, 1.535898208618164, 1.5334068536758423]}, "cnn_scratch": {"accuracy": [0.4682546854019165, 0.581599235534668, 0.6393340826034546, 0.668555736541748, 0.6961835026741028, 0.7235455513000488, 0.7510847449302673, 0.7671123743057251, 0.7854422926902771, 0.7967767715454102], "loss": [2.1589407920837402, 1.177865743637085, 1.011692762374878, 0.9381492733955383, 0.8506143689155579, 0.7638275027275085, 0.7136737704277039, 0.6591401100158691, 0.630652904510498, 0.5943121314048767], "val_accuracy": [0.29124748706817627, 0.46026158332824707, 0.6212273836135864, 0.604627788066864, 0.5855130553245544, 0.7308853268623352, 0.7349094748497009, 0.7570422291755676, 0.7308853268623352, 0.718812882900238], "val_loss": [4.570042610168457, 2.4543116092681885, 1.5309336185455322, 1.7769114971160889, 1.5803180932998657, 0.9259777665138245, 0.8009843230247498, 1.0755629539489746, 1.2240362167358398, 1.0922980308532715]}, "mobilenetv2_tl": {"accuracy": [0.8706278204917908, 0.9337642788887024, 0.9467812180519104, 0.9520941972732544, 0.9648454785346985, 0.8942707777023315, 0.9427964091300964, 0.9500575661659241, 0.9582042098045349], "loss": [0.37884628772735596, 0.1794343888759613, 0.14534181356430054, 0.13382312655448914, 0.09896709024906158, 0.29512354731559753, 0.16691997647285461, 0.14328569173812866, 0.11894429475069046], "val_accuracy": [0.9215291738510132, 0.9230382442474365, 0.9139838814735413, 0.9220321774482727, 0.9341046214103699, 0.9386317729949951, 0.9366196990013123, 0.953722357749939, 0.9512072205543518], "val_loss": [0.20765289664268494, 0.19792678952217102, 0.21396386623382568, 0.19884411990642548, 0.16732999682426453, 0.16524387896060944, 0.16855789721012115, 0.1287384331226349, 0.1379404366016388], "learning_rate": [0.0010000000474974513, 0.0010000000474974513, 0.0010000000474974513, 0.0010000000474974513, 0.0003000000142492354, 9.999999747378752e-06, 9.999999747378752e-06, 9.999999747378752e-06, 9.999999747378752e-06]}}