{"ann_baseline": {"accuracy": [0.13404276967048645, 0.14633293449878693, 0.15652477741241455, 0.1685151904821396, 0.1712130308151245, 0.16991406679153442, 0.17021383345127106, 0.17256194353103638], "loss": [3.242018222808838, 2.6422417163848877, 2.574526309967041, 2.5321760177612305, 2.5026984214782715, 2.4833505153656006, 2.480870485305786, 2.4734604358673096], "val_accuracy": [0.14541323482990265, 0.18375460803508759, 0.21726782619953156, 0.20335131883621216, 0.1911388784646988, 0.20391933619976044, 0.19880715012550354, 0.21556375920772552], "val_loss": [2.7834036350250244, 2.613798141479492, 2.5018677711486816, 2.517768383026123, 2.462230682373047, 2.464031934738159, 2.4643192291259766, 2.419067859649658]}, "cnn_scratch": {"accuracy": [0.16571742296218872, 0.2050359696149826, 0.23935851454734802, 0.25994205474853516, 0.27622902393341064], "loss": [2.983245849609375, 2.433971881866455, 2.315183401107788, 2.2466278076171875, 2.1907477378845215], "val_accuracy": [0.17608633637428284, 0.32575973868370056, 0.3200795352458954, 0.3496165871620178, 0.3956262469291687], "val_loss": [6.368605136871338, 1.9854400157928467, 2.292531728744507, 2.079796314239502, 2.0513997077941895]}, "mobilenetv2_tl": {"accuracy": [0.7829736471176147, 0.8786470890045166, 0.8984811902046204, 0.9094224572181702, 0.9158173203468323, 0.8368305563926697, 0.8963329195976257, 0.9046263098716736], "loss": [0.698494553565979, 0.36639538407325745, 0.3079770505428314, 0.27457237243652344, 0.25400716066360474, 0.5081809759140015, 0.3169702887535095, 0.27739620208740234], "val_accuracy": [0.9182050824165344, 0.9139449000358582, 0.9170690178871155, 0.9397898316383362, 0.9204771518707275, 0.924737274646759, 0.9261573553085327, 0.9355297088623047], "val_loss": [0.2772691547870636, 0.2703676223754883, 0.2490362673997879, 0.18893583118915558, 0.253976434469223, 0.22301267087459564, 0.21886643767356873, 0.19641751050949097], "learning_rate": [0.0010000000474974513, 0.0010000000474974513, 0.0010000000474974513, 0.0010000000474974513, 0.0010000000474974513, 9.999999747378752e-06, 9.999999747378752e-06, 2.9999998787388904e-06]}}