{"ann_baseline": {"accuracy": [0.13404276967048645, 0.14633293449878693, 0.15652477741241455, 0.1685151904821396, 0.1712130308151245, 0.16991406679153442, 0.17021383345127106, 0.17256194353103638], "loss": [3.242018222808838, 2.6422417163848877, 2.574526309967041, 2.5321760177612305, 2.5026984214782715, 2.4833505153656006, 2.480870485305786, 2.4734604358673096], "val_accuracy": [0.14541323482990265, 0.18375460803508759, 0.21726782619953156, 0.20335131883621216, 0.1911388784646988, 0.20391933619976044, 0.19880715012550354, 0.21556375920772552], "val_loss": [2.7834036350250244, 2.613798141479492, 2.5018677711486816, 2.517768383026123, 2.462230682373047, 2.464031934738159, 2.4643192291259766, 2.419067859649658]}, "cnn_scratch": {"accuracy": [0.21772581338882446, 0.3125, 0.3662070333957672, 0.4055255651473999, 0.44284573197364807, 0.4617805778980255, 0.48566147685050964, 0.5179855823516846, 0.5432154536247253, 0.5695943236351013, 0.5941746830940247, 0.6124100685119629], "loss": [2.858736276626587, 2.164839744567871, 2.011395215988159, 1.860209345817566, 1.7276184558868408, 1.6688122749328613, 1.5754231214523315, 1.4795303344726562, 1.385069727897644, 1.329843282699585, 1.2658876180648804, 1.2006112337112427], "val_accuracy": [0.16813404858112335, 0.4799772799015045, 0.5168986320495605, 0.5112184286117554, 0.5089462995529175, 0.6313547492027283, 0.4813973307609558, 0.5813689231872559, 0.6796364784240723, 0.6631639003753662, 0.727066159248352, 0.727066159248352], "val_loss": [6.055874347686768, 1.7235727310180664, 1.649958610534668, 1.5494070053100586, 1.6008416414260864, 1.26492178440094, 1.7821232080459595, 1.4075011014938354, 1.1379560232162476, 1.0771498680114746, 0.8787856101989746, 0.9331050515174866]}, "mobilenetv2_tl": {"accuracy": [0.8045064210891724, 0.8953837156295776, 0.9159672260284424, 0.9199140667915344, 0.9325539469718933, 0.8626598715782166, 0.912669837474823, 0.9264588356018066, 0.9283573031425476], "loss": [0.6278563737869263, 0.3132188320159912, 0.24948568642139435, 0.23418155312538147, 0.19939935207366943, 0.4154963493347168, 0.2639462351799011, 0.22603604197502136, 0.21932610869407654], "val_accuracy": [0.9059926271438599, 0.9230332374572754, 0.9369497299194336, 0.9346776604652405, 0.9324055910110474, 0.9142289161682129, 0.924737274646759, 0.9375177621841431, 0.9437659978866577], "val_loss": [0.2903967499732971, 0.23140849173069, 0.19803892076015472, 0.20258112251758575, 0.2152685821056366, 0.242789164185524, 0.22191408276557922, 0.19531825184822083, 0.18317532539367676], "learning_rate": [0.0010000000474974513, 0.0010000000474974513, 0.0010000000474974513, 0.0010000000474974513, 0.0010000000474974513, 9.999999747378752e-06, 9.999999747378752e-06, 2.9999998787388904e-06, 2.9999998787388904e-06]}}